model,T,time_mae_hours,time_median_abs_err_hours,mag_mae,mag_median_abs_err
NeuralModel,1,4.633694444444445,3.5030555555555556,0.9812713930010798,0.9716834425926213
NeuralModel,2,14.609166666666667,11.499166666666667,1.3827977615594864,1.3046948224306107
NeuralModel,3,29.46640277777778,28.162777777777777,1.2454669782519339,1.261274671554565
