model,T,time_mae_hours,time_median_abs_err_hours,mag_mae,mag_median_abs_err
LightGBM,1,6.621361111111111,6.514305555555556,0.8566727991752593,0.8121854471634178
LightGBM,2,11.664750000000002,9.89638888888889,1.330280206285207,1.1006056240626485
LightGBM,3,30.62055555555556,30.22,1.4682885840890516,1.4018415814047422
XGBoost,1,6.993944444444445,7.740694444444445,0.7795259112119675,0.7445187389850618
XGBoost,2,10.471013888888889,8.692777777777778,1.328387956470251,1.0468116253614426
XGBoost,3,28.78593055555556,29.005000000000003,1.4563894824683665,1.4553833127021791
